datetime,Grid Node To,Value,unit,Grid Node From,start_datetime,end_datetime
2022-08-01 00:30:00+00:00,BE,-828.0,MW,UK-GB,2022-08-01 00:30,2022-08-01 01:30
2022-08-01 00:30:00+00:00,FR,-2058.0,MW,UK-GB,2022-08-01 00:30,2022-08-01 01:30
2022-08-01 00:30:00+00:00,IE,12.0,MW,UK-GB,2022-08-01 00:30,2022-08-01 01:30
2022-08-01 00:30:00+00:00,NL,-516.0,MW,UK-GB,2022-08-01 00:30,2022-08-01 01:30
2022-08-01 00:30:00+00:00,NO,-1166.0,MW,UK-GB,2022-08-01 00:30,2022-08-01 01:30
2022-08-01 00:30:00+00:00,UK-NIR,150.0,MW,UK-GB,2022-08-01 00:30,2022-08-01 01:30
2022-08-01 01:00:00+00:00,BE,-828.0,MW,UK-GB,2022-08-01 01:00,2022-08-01 02:00
2022-08-01 01:00:00+00:00,FR,-2060.0,MW,UK-GB,2022-08-01 01:00,2022-08-01 02:00
2022-08-01 01:00:00+00:00,IE,0.0,MW,UK-GB,2022-08-01 01:00,2022-08-01 02:00
2022-08-01 01:00:00+00:00,NL,-516.0,MW,UK-GB,2022-08-01 01:00,2022-08-01 02:00
2022-08-01 01:00:00+00:00,NO,-1164.0,MW,UK-GB,2022-08-01 01:00,2022-08-01 02:00
2022-08-01 01:00:00+00:00,UK-NIR,202.0,MW,UK-GB,2022-08-01 01:00,2022-08-01 02:00
2022-08-01 01:30:00+00:00,BE,-1018.0,MW,UK-GB,2022-08-01 01:30,2022-08-01 02:30
2022-08-01 01:30:00+00:00,FR,-2060.0,MW,UK-GB,2022-08-01 01:30,2022-08-01 02:30
2022-08-01 01:30:00+00:00,IE,0.0,MW,UK-GB,2022-08-01 01:30,2022-08-01 02:30
2022-08-01 01:30:00+00:00,NL,-568.0,MW,UK-GB,2022-08-01 01:30,2022-08-01 02:30
2022-08-01 01:30:00+00:00,NO,-926.0,MW,UK-GB,2022-08-01 01:30,2022-08-01 02:30
2022-08-01 01:30:00+00:00,UK-NIR,170.0,MW,UK-GB,2022-08-01 01:30,2022-08-01 02:30
2022-08-01 02:00:00+00:00,BE,-1020.0,MW,UK-GB,2022-08-01 02:00,2022-08-01 03:00
2022-08-01 02:00:00+00:00,FR,-2062.0,MW,UK-GB,2022-08-01 02:00,2022-08-01 03:00
2022-08-01 02:00:00+00:00,IE,0.0,MW,UK-GB,2022-08-01 02:00,2022-08-01 03:00
2022-08-01 02:00:00+00:00,NL,-568.0,MW,UK-GB,2022-08-01 02:00,2022-08-01 03:00
2022-08-01 02:00:00+00:00,NO,-908.0,MW,UK-GB,2022-08-01 02:00,2022-08-01 03:00
2022-08-01 02:00:00+00:00,UK-NIR,180.0,MW,UK-GB,2022-08-01 02:00,2022-08-01 03:00
2022-08-01 02:30:00+00:00,BE,-1020.0,MW,UK-GB,2022-08-01 02:30,2022-08-01 03:30
2022-08-01 02:30:00+00:00,FR,-2060.0,MW,UK-GB,2022-08-01 02:30,2022-08-01 03:30
2022-08-01 02:30:00+00:00,IE,0.0,MW,UK-GB,2022-08-01 02:30,2022-08-01 03:30
2022-08-01 02:30:00+00:00,NL,-200.0,MW,UK-GB,2022-08-01 02:30,2022-08-01 03:30
2022-08-01 02:30:00+00:00,NO,-1074.0,MW,UK-GB,2022-08-01 02:30,2022-08-01 03:30
2022-08-01 02:30:00+00:00,UK-NIR,170.0,MW,UK-GB,2022-08-01 02:30,2022-08-01 03:30
2022-08-01 03:00:00+00:00,BE,-1020.0,MW,UK-GB,2022-08-01 03:00,2022-08-01 04:00
2022-08-01 03:00:00+00:00,FR,-2062.0,MW,UK-GB,2022-08-01 03:00,2022-08-01 04:00
2022-08-01 03:00:00+00:00,IE,0.0,MW,UK-GB,2022-08-01 03:00,2022-08-01 04:00
2022-08-01 03:00:00+00:00,NL,-200.0,MW,UK-GB,2022-08-01 03:00,2022-08-01 04:00
2022-08-01 03:00:00+00:00,NO,-1092.0,MW,UK-GB,2022-08-01 03:00,2022-08-01 04:00
2022-08-01 03:00:00+00:00,UK-NIR,160.0,MW,UK-GB,2022-08-01 03:00,2022-08-01 04:00
2022-08-01 03:30:00+00:00,BE,-1020.0,MW,UK-GB,2022-08-01 03:30,2022-08-01 04:30
2022-08-01 03:30:00+00:00,FR,-2062.0,MW,UK-GB,2022-08-01 03:30,2022-08-01 04:30
2022-08-01 03:30:00+00:00,IE,0.0,MW,UK-GB,2022-08-01 03:30,2022-08-01 04:30
2022-08-01 03:30:00+00:00,NL,-608.0,MW,UK-GB,2022-08-01 03:30,2022-08-01 04:30
2022-08-01 03:30:00+00:00,NO,-1038.0,MW,UK-GB,2022-08-01 03:30,2022-08-01 04:30
2022-08-01 03:30:00+00:00,UK-NIR,144.0,MW,UK-GB,2022-08-01 03:30,2022-08-01 04:30
2022-08-01 04:00:00+00:00,BE,-1020.0,MW,UK-GB,2022-08-01 04:00,2022-08-01 05:00
2022-08-01 04:00:00+00:00,FR,-2062.0,MW,UK-GB,2022-08-01 04:00,2022-08-01 05:00
2022-08-01 04:00:00+00:00,IE,0.0,MW,UK-GB,2022-08-01 04:00,2022-08-01 05:00
2022-08-01 04:00:00+00:00,NL,-608.0,MW,UK-GB,2022-08-01 04:00,2022-08-01 05:00
2022-08-01 04:00:00+00:00,NO,-1022.0,MW,UK-GB,2022-08-01 04:00,2022-08-01 05:00
2022-08-01 04:00:00+00:00,UK-NIR,168.0,MW,UK-GB,2022-08-01 04:00,2022-08-01 05:00
2022-08-01 04:30:00+00:00,BE,-918.0,MW,UK-GB,2022-08-01 04:30,2022-08-01 05:30
2022-08-01 04:30:00+00:00,FR,-2060.0,MW,UK-GB,2022-08-01 04:30,2022-08-01 05:30
2022-08-01 04:30:00+00:00,IE,16.0,MW,UK-GB,2022-08-01 04:30,2022-08-01 05:30
2022-08-01 04:30:00+00:00,NL,-566.0,MW,UK-GB,2022-08-01 04:30,2022-08-01 05:30
2022-08-01 04:30:00+00:00,NO,-906.0,MW,UK-GB,2022-08-01 04:30,2022-08-01 05:30
2022-08-01 04:30:00+00:00,UK-NIR,208.0,MW,UK-GB,2022-08-01 04:30,2022-08-01 05:30
2022-08-01 05:00:00+00:00,BE,-894.0,MW,UK-GB,2022-08-01 05:00,2022-08-01 06:00
2022-08-01 05:00:00+00:00,FR,-2060.0,MW,UK-GB,2022-08-01 05:00,2022-08-01 06:00
2022-08-01 05:00:00+00:00,IE,148.0,MW,UK-GB,2022-08-01 05:00,2022-08-01 06:00
2022-08-01 05:00:00+00:00,NL,-566.0,MW,UK-GB,2022-08-01 05:00,2022-08-01 06:00
2022-08-01 05:00:00+00:00,NO,-856.0,MW,UK-GB,2022-08-01 05:00,2022-08-01 06:00
2022-08-01 05:00:00+00:00,UK-NIR,198.0,MW,UK-GB,2022-08-01 05:00,2022-08-01 06:00
2022-08-01 05:30:00+00:00,BE,-198.0,MW,UK-GB,2022-08-01 05:30,2022-08-01 06:30
2022-08-01 05:30:00+00:00,FR,-2060.0,MW,UK-GB,2022-08-01 05:30,2022-08-01 06:30
2022-08-01 05:30:00+00:00,IE,300.0,MW,UK-GB,2022-08-01 05:30,2022-08-01 06:30
2022-08-01 05:30:00+00:00,NL,-338.0,MW,UK-GB,2022-08-01 05:30,2022-08-01 06:30
2022-08-01 05:30:00+00:00,NO,-470.0,MW,UK-GB,2022-08-01 05:30,2022-08-01 06:30
2022-08-01 05:30:00+00:00,UK-NIR,208.0,MW,UK-GB,2022-08-01 05:30,2022-08-01 06:30
2022-08-01 06:00:00+00:00,BE,-178.0,MW,UK-GB,2022-08-01 06:00,2022-08-01 07:00
2022-08-01 06:00:00+00:00,FR,-2034.0,MW,UK-GB,2022-08-01 06:00,2022-08-01 07:00
2022-08-01 06:00:00+00:00,IE,372.0,MW,UK-GB,2022-08-01 06:00,2022-08-01 07:00
2022-08-01 06:00:00+00:00,NL,-310.0,MW,UK-GB,2022-08-01 06:00,2022-08-01 07:00
2022-08-01 06:00:00+00:00,NO,-394.0,MW,UK-GB,2022-08-01 06:00,2022-08-01 07:00
2022-08-01 06:00:00+00:00,UK-NIR,208.0,MW,UK-GB,2022-08-01 06:00,2022-08-01 07:00
2022-08-01 06:30:00+00:00,BE,-342.0,MW,UK-GB,2022-08-01 06:30,2022-08-01 07:30
2022-08-01 06:30:00+00:00,FR,-1424.0,MW,UK-GB,2022-08-01 06:30,2022-08-01 07:30
2022-08-01 06:30:00+00:00,IE,336.0,MW,UK-GB,2022-08-01 06:30,2022-08-01 07:30
2022-08-01 06:30:00+00:00,NL,494.0,MW,UK-GB,2022-08-01 06:30,2022-08-01 07:30
2022-08-01 06:30:00+00:00,NO,-22.0,MW,UK-GB,2022-08-01 06:30,2022-08-01 07:30
2022-08-01 06:30:00+00:00,UK-NIR,208.0,MW,UK-GB,2022-08-01 06:30,2022-08-01 07:30
2022-08-01 07:00:00+00:00,BE,-344.0,MW,UK-GB,2022-08-01 07:00,2022-08-01 08:00
2022-08-01 07:00:00+00:00,FR,-1400.0,MW,UK-GB,2022-08-01 07:00,2022-08-01 08:00
2022-08-01 07:00:00+00:00,IE,334.0,MW,UK-GB,2022-08-01 07:00,2022-08-01 08:00
2022-08-01 07:00:00+00:00,NL,560.0,MW,UK-GB,2022-08-01 07:00,2022-08-01 08:00
2022-08-01 07:00:00+00:00,NO,62.0,MW,UK-GB,2022-08-01 07:00,2022-08-01 08:00
2022-08-01 07:00:00+00:00,UK-NIR,168.0,MW,UK-GB,2022-08-01 07:00,2022-08-01 08:00
2022-08-01 07:30:00+00:00,BE,-286.0,MW,UK-GB,2022-08-01 07:30,2022-08-01 08:30
2022-08-01 07:30:00+00:00,FR,-1404.0,MW,UK-GB,2022-08-01 07:30,2022-08-01 08:30
2022-08-01 07:30:00+00:00,IE,324.0,MW,UK-GB,2022-08-01 07:30,2022-08-01 08:30
2022-08-01 07:30:00+00:00,NL,788.0,MW,UK-GB,2022-08-01 07:30,2022-08-01 08:30
2022-08-01 07:30:00+00:00,NO,436.0,MW,UK-GB,2022-08-01 07:30,2022-08-01 08:30
2022-08-01 07:30:00+00:00,UK-NIR,96.0,MW,UK-GB,2022-08-01 07:30,2022-08-01 08:30
2022-08-01 08:00:00+00:00,BE,-272.0,MW,UK-GB,2022-08-01 08:00,2022-08-01 09:00
2022-08-01 08:00:00+00:00,FR,-1406.0,MW,UK-GB,2022-08-01 08:00,2022-08-01 09:00
2022-08-01 08:00:00+00:00,IE,334.0,MW,UK-GB,2022-08-01 08:00,2022-08-01 09:00
2022-08-01 08:00:00+00:00,NL,812.0,MW,UK-GB,2022-08-01 08:00,2022-08-01 09:00
2022-08-01 08:00:00+00:00,NO,482.0,MW,UK-GB,2022-08-01 08:00,2022-08-01 09:00
2022-08-01 08:00:00+00:00,UK-NIR,86.0,MW,UK-GB,2022-08-01 08:00,2022-08-01 09:00
2022-08-01 08:30:00+00:00,BE,238.0,MW,UK-GB,2022-08-01 08:30,2022-08-01 09:30
2022-08-01 08:30:00+00:00,FR,-1482.0,MW,UK-GB,2022-08-01 08:30,2022-08-01 09:30
2022-08-01 08:30:00+00:00,IE,288.0,MW,UK-GB,2022-08-01 08:30,2022-08-01 09:30
2022-08-01 08:30:00+00:00,NL,1002.0,MW,UK-GB,2022-08-01 08:30,2022-08-01 09:30
2022-08-01 08:30:00+00:00,NO,572.0,MW,UK-GB,2022-08-01 08:30,2022-08-01 09:30
2022-08-01 08:30:00+00:00,UK-NIR,38.0,MW,UK-GB,2022-08-01 08:30,2022-08-01 09:30
2022-08-01 09:00:00+00:00,BE,256.0,MW,UK-GB,2022-08-01 09:00,2022-08-01 10:00
2022-08-01 09:00:00+00:00,FR,-1496.0,MW,UK-GB,2022-08-01 09:00,2022-08-01 10:00
2022-08-01 09:00:00+00:00,IE,320.0,MW,UK-GB,2022-08-01 09:00,2022-08-01 10:00
2022-08-01 09:00:00+00:00,NL,1002.0,MW,UK-GB,2022-08-01 09:00,2022-08-01 10:00
2022-08-01 09:00:00+00:00,NO,552.0,MW,UK-GB,2022-08-01 09:00,2022-08-01 10:00
2022-08-01 09:00:00+00:00,UK-NIR,38.0,MW,UK-GB,2022-08-01 09:00,2022-08-01 10:00
2022-08-01 09:30:00+00:00,BE,662.0,MW,UK-GB,2022-08-01 09:30,2022-08-01 10:30
2022-08-01 09:30:00+00:00,FR,-1800.0,MW,UK-GB,2022-08-01 09:30,2022-08-01 10:30
2022-08-01 09:30:00+00:00,IE,180.0,MW,UK-GB,2022-08-01 09:30,2022-08-01 10:30
2022-08-01 09:30:00+00:00,NL,1002.0,MW,UK-GB,2022-08-01 09:30,2022-08-01 10:30
2022-08-01 09:30:00+00:00,NO,266.0,MW,UK-GB,2022-08-01 09:30,2022-08-01 10:30
2022-08-01 09:30:00+00:00,UK-NIR,46.0,MW,UK-GB,2022-08-01 09:30,2022-08-01 10:30
2022-08-01 10:00:00+00:00,BE,668.0,MW,UK-GB,2022-08-01 10:00,2022-08-01 11:00
2022-08-01 10:00:00+00:00,FR,-1818.0,MW,UK-GB,2022-08-01 10:00,2022-08-01 11:00
2022-08-01 10:00:00+00:00,IE,126.0,MW,UK-GB,2022-08-01 10:00,2022-08-01 11:00
2022-08-01 10:00:00+00:00,NL,986.0,MW,UK-GB,2022-08-01 10:00,2022-08-01 11:00
2022-08-01 10:00:00+00:00,NO,238.0,MW,UK-GB,2022-08-01 10:00,2022-08-01 11:00
2022-08-01 10:00:00+00:00,UK-NIR,48.0,MW,UK-GB,2022-08-01 10:00,2022-08-01 11:00
2022-08-01 10:30:00+00:00,BE,774.0,MW,UK-GB,2022-08-01 10:30,2022-08-01 11:30
2022-08-01 10:30:00+00:00,FR,-2048.0,MW,UK-GB,2022-08-01 10:30,2022-08-01 11:30
2022-08-01 10:30:00+00:00,IE,226.0,MW,UK-GB,2022-08-01 10:30,2022-08-01 11:30
2022-08-01 10:30:00+00:00,NL,764.0,MW,UK-GB,2022-08-01 10:30,2022-08-01 11:30
2022-08-01 10:30:00+00:00,NO,228.0,MW,UK-GB,2022-08-01 10:30,2022-08-01 11:30
2022-08-01 10:30:00+00:00,UK-NIR,76.0,MW,UK-GB,2022-08-01 10:30,2022-08-01 11:30
2022-08-01 11:00:00+00:00,BE,774.0,MW,UK-GB,2022-08-01 11:00,2022-08-01 12:00
2022-08-01 11:00:00+00:00,FR,-2060.0,MW,UK-GB,2022-08-01 11:00,2022-08-01 12:00
2022-08-01 11:00:00+00:00,IE,322.0,MW,UK-GB,2022-08-01 11:00,2022-08-01 12:00
2022-08-01 11:00:00+00:00,NL,764.0,MW,UK-GB,2022-08-01 11:00,2022-08-01 12:00
2022-08-01 11:00:00+00:00,NO,230.0,MW,UK-GB,2022-08-01 11:00,2022-08-01 12:00
2022-08-01 11:00:00+00:00,UK-NIR,28.0,MW,UK-GB,2022-08-01 11:00,2022-08-01 12:00
2022-08-01 11:30:00+00:00,BE,498.0,MW,UK-GB,2022-08-01 11:30,2022-08-01 12:30
2022-08-01 11:30:00+00:00,FR,-2060.0,MW,UK-GB,2022-08-01 11:30,2022-08-01 12:30
2022-08-01 11:30:00+00:00,IE,466.0,MW,UK-GB,2022-08-01 11:30,2022-08-01 12:30
2022-08-01 11:30:00+00:00,NL,888.0,MW,UK-GB,2022-08-01 11:30,2022-08-01 12:30
2022-08-01 11:30:00+00:00,NO,360.0,MW,UK-GB,2022-08-01 11:30,2022-08-01 12:30
2022-08-01 11:30:00+00:00,UK-NIR,128.0,MW,UK-GB,2022-08-01 11:30,2022-08-01 12:30
2022-08-01 12:00:00+00:00,BE,492.0,MW,UK-GB,2022-08-01 12:00,2022-08-01 13:00
2022-08-01 12:00:00+00:00,FR,-2060.0,MW,UK-GB,2022-08-01 12:00,2022-08-01 13:00
2022-08-01 12:00:00+00:00,IE,504.0,MW,UK-GB,2022-08-01 12:00,2022-08-01 13:00
2022-08-01 12:00:00+00:00,NL,868.0,MW,UK-GB,2022-08-01 12:00,2022-08-01 13:00
2022-08-01 12:00:00+00:00,NO,344.0,MW,UK-GB,2022-08-01 12:00,2022-08-01 13:00
2022-08-01 12:00:00+00:00,UK-NIR,146.0,MW,UK-GB,2022-08-01 12:00,2022-08-01 13:00
2022-08-01 12:30:00+00:00,BE,322.0,MW,UK-GB,2022-08-01 12:30,2022-08-01 13:30
2022-08-01 12:30:00+00:00,FR,-2058.0,MW,UK-GB,2022-08-01 12:30,2022-08-01 13:30
2022-08-01 12:30:00+00:00,IE,472.0,MW,UK-GB,2022-08-01 12:30,2022-08-01 13:30
2022-08-01 12:30:00+00:00,NL,582.0,MW,UK-GB,2022-08-01 12:30,2022-08-01 13:30
2022-08-01 12:30:00+00:00,NO,28.0,MW,UK-GB,2022-08-01 12:30,2022-08-01 13:30
2022-08-01 12:30:00+00:00,UK-NIR,186.0,MW,UK-GB,2022-08-01 12:30,2022-08-01 13:30
2022-08-01 13:00:00+00:00,BE,316.0,MW,UK-GB,2022-08-01 13:00,2022-08-01 14:00
2022-08-01 13:00:00+00:00,FR,-2058.0,MW,UK-GB,2022-08-01 13:00,2022-08-01 14:00
2022-08-01 13:00:00+00:00,IE,410.0,MW,UK-GB,2022-08-01 13:00,2022-08-01 14:00
2022-08-01 13:00:00+00:00,NL,584.0,MW,UK-GB,2022-08-01 13:00,2022-08-01 14:00
2022-08-01 13:00:00+00:00,NO,-40.0,MW,UK-GB,2022-08-01 13:00,2022-08-01 14:00
2022-08-01 13:00:00+00:00,UK-NIR,194.0,MW,UK-GB,2022-08-01 13:00,2022-08-01 14:00
2022-08-01 13:30:00+00:00,BE,-26.0,MW,UK-GB,2022-08-01 13:30,2022-08-01 14:30
2022-08-01 13:30:00+00:00,FR,-2060.0,MW,UK-GB,2022-08-01 13:30,2022-08-01 14:30
2022-08-01 13:30:00+00:00,IE,500.0,MW,UK-GB,2022-08-01 13:30,2022-08-01 14:30
2022-08-01 13:30:00+00:00,NL,730.0,MW,UK-GB,2022-08-01 13:30,2022-08-01 14:30
2022-08-01 13:30:00+00:00,NO,-396.0,MW,UK-GB,2022-08-01 13:30,2022-08-01 14:30
2022-08-01 13:30:00+00:00,UK-NIR,206.0,MW,UK-GB,2022-08-01 13:30,2022-08-01 14:30
2022-08-01 14:00:00+00:00,BE,-32.0,MW,UK-GB,2022-08-01 14:00,2022-08-01 15:00
2022-08-01 14:00:00+00:00,FR,-2060.0,MW,UK-GB,2022-08-01 14:00,2022-08-01 15:00
2022-08-01 14:00:00+00:00,IE,504.0,MW,UK-GB,2022-08-01 14:00,2022-08-01 15:00
2022-08-01 14:00:00+00:00,NL,732.0,MW,UK-GB,2022-08-01 14:00,2022-08-01 15:00
2022-08-01 14:00:00+00:00,NO,-476.0,MW,UK-GB,2022-08-01 14:00,2022-08-01 15:00
2022-08-01 14:00:00+00:00,UK-NIR,206.0,MW,UK-GB,2022-08-01 14:00,2022-08-01 15:00
2022-08-01 14:30:00+00:00,BE,-20.0,MW,UK-GB,2022-08-01 14:30,2022-08-01 15:30
2022-08-01 14:30:00+00:00,FR,-2060.0,MW,UK-GB,2022-08-01 14:30,2022-08-01 15:30
2022-08-01 14:30:00+00:00,IE,504.0,MW,UK-GB,2022-08-01 14:30,2022-08-01 15:30
2022-08-01 14:30:00+00:00,NL,464.0,MW,UK-GB,2022-08-01 14:30,2022-08-01 15:30
2022-08-01 14:30:00+00:00,NO,-846.0,MW,UK-GB,2022-08-01 14:30,2022-08-01 15:30
2022-08-01 14:30:00+00:00,UK-NIR,206.0,MW,UK-GB,2022-08-01 14:30,2022-08-01 15:30
2022-08-01 15:00:00+00:00,BE,-20.0,MW,UK-GB,2022-08-01 15:00,2022-08-01 16:00
2022-08-01 15:00:00+00:00,FR,-2060.0,MW,UK-GB,2022-08-01 15:00,2022-08-01 16:00
2022-08-01 15:00:00+00:00,IE,504.0,MW,UK-GB,2022-08-01 15:00,2022-08-01 16:00
2022-08-01 15:00:00+00:00,NL,450.0,MW,UK-GB,2022-08-01 15:00,2022-08-01 16:00
2022-08-01 15:00:00+00:00,NO,-872.0,MW,UK-GB,2022-08-01 15:00,2022-08-01 16:00
2022-08-01 15:00:00+00:00,UK-NIR,208.0,MW,UK-GB,2022-08-01 15:00,2022-08-01 16:00
2022-08-01 15:30:00+00:00,BE,-330.0,MW,UK-GB,2022-08-01 15:30,2022-08-01 16:30
2022-08-01 15:30:00+00:00,FR,-2060.0,MW,UK-GB,2022-08-01 15:30,2022-08-01 16:30
2022-08-01 15:30:00+00:00,IE,504.0,MW,UK-GB,2022-08-01 15:30,2022-08-01 16:30
2022-08-01 15:30:00+00:00,NL,-136.0,MW,UK-GB,2022-08-01 15:30,2022-08-01 16:30
2022-08-01 15:30:00+00:00,NO,-462.0,MW,UK-GB,2022-08-01 15:30,2022-08-01 16:30
2022-08-01 15:30:00+00:00,UK-NIR,208.0,MW,UK-GB,2022-08-01 15:30,2022-08-01 16:30
2022-08-01 16:00:00+00:00,BE,-334.0,MW,UK-GB,2022-08-01 16:00,2022-08-01 17:00
2022-08-01 16:00:00+00:00,FR,-2060.0,MW,UK-GB,2022-08-01 16:00,2022-08-01 17:00
2022-08-01 16:00:00+00:00,IE,504.0,MW,UK-GB,2022-08-01 16:00,2022-08-01 17:00
2022-08-01 16:00:00+00:00,NL,-140.0,MW,UK-GB,2022-08-01 16:00,2022-08-01 17:00
2022-08-01 16:00:00+00:00,NO,-412.0,MW,UK-GB,2022-08-01 16:00,2022-08-01 17:00
2022-08-01 16:00:00+00:00,UK-NIR,208.0,MW,UK-GB,2022-08-01 16:00,2022-08-01 17:00
2022-08-01 16:30:00+00:00,BE,-816.0,MW,UK-GB,2022-08-01 16:30,2022-08-01 17:30
2022-08-01 16:30:00+00:00,FR,-2058.0,MW,UK-GB,2022-08-01 16:30,2022-08-01 17:30
2022-08-01 16:30:00+00:00,IE,504.0,MW,UK-GB,2022-08-01 16:30,2022-08-01 17:30
2022-08-01 16:30:00+00:00,NL,100.0,MW,UK-GB,2022-08-01 16:30,2022-08-01 17:30
2022-08-01 16:30:00+00:00,NO,-40.0,MW,UK-GB,2022-08-01 16:30,2022-08-01 17:30
2022-08-01 16:30:00+00:00,UK-NIR,208.0,MW,UK-GB,2022-08-01 16:30,2022-08-01 17:30
2022-08-01 17:00:00+00:00,BE,-824.0,MW,UK-GB,2022-08-01 17:00,2022-08-01 18:00
2022-08-01 17:00:00+00:00,FR,-2058.0,MW,UK-GB,2022-08-01 17:00,2022-08-01 18:00
2022-08-01 17:00:00+00:00,IE,504.0,MW,UK-GB,2022-08-01 17:00,2022-08-01 18:00
2022-08-01 17:00:00+00:00,NL,114.0,MW,UK-GB,2022-08-01 17:00,2022-08-01 18:00
2022-08-01 17:00:00+00:00,NO,-18.0,MW,UK-GB,2022-08-01 17:00,2022-08-01 18:00
2022-08-01 17:00:00+00:00,UK-NIR,208.0,MW,UK-GB,2022-08-01 17:00,2022-08-01 18:00
2022-08-01 17:30:00+00:00,BE,-640.0,MW,UK-GB,2022-08-01 17:30,2022-08-01 18:30
2022-08-01 17:30:00+00:00,FR,-2058.0,MW,UK-GB,2022-08-01 17:30,2022-08-01 18:30
2022-08-01 17:30:00+00:00,IE,504.0,MW,UK-GB,2022-08-01 17:30,2022-08-01 18:30
2022-08-01 17:30:00+00:00,NL,-102.0,MW,UK-GB,2022-08-01 17:30,2022-08-01 18:30
2022-08-01 17:30:00+00:00,NO,-148.0,MW,UK-GB,2022-08-01 17:30,2022-08-01 18:30
2022-08-01 17:30:00+00:00,UK-NIR,208.0,MW,UK-GB,2022-08-01 17:30,2022-08-01 18:30
2022-08-01 18:00:00+00:00,BE,-640.0,MW,UK-GB,2022-08-01 18:00,2022-08-01 19:00
2022-08-01 18:00:00+00:00,FR,-2058.0,MW,UK-GB,2022-08-01 18:00,2022-08-01 19:00
2022-08-01 18:00:00+00:00,IE,504.0,MW,UK-GB,2022-08-01 18:00,2022-08-01 19:00
2022-08-01 18:00:00+00:00,NL,-104.0,MW,UK-GB,2022-08-01 18:00,2022-08-01 19:00
2022-08-01 18:00:00+00:00,NO,-176.0,MW,UK-GB,2022-08-01 18:00,2022-08-01 19:00
2022-08-01 18:00:00+00:00,UK-NIR,208.0,MW,UK-GB,2022-08-01 18:00,2022-08-01 19:00
2022-08-01 18:30:00+00:00,BE,-814.0,MW,UK-GB,2022-08-01 18:30,2022-08-01 19:30
2022-08-01 18:30:00+00:00,FR,-2060.0,MW,UK-GB,2022-08-01 18:30,2022-08-01 19:30
2022-08-01 18:30:00+00:00,IE,504.0,MW,UK-GB,2022-08-01 18:30,2022-08-01 19:30
2022-08-01 18:30:00+00:00,NL,100.0,MW,UK-GB,2022-08-01 18:30,2022-08-01 19:30
2022-08-01 18:30:00+00:00,NO,-576.0,MW,UK-GB,2022-08-01 18:30,2022-08-01 19:30
2022-08-01 18:30:00+00:00,UK-NIR,208.0,MW,UK-GB,2022-08-01 18:30,2022-08-01 19:30
2022-08-01 19:00:00+00:00,BE,-816.0,MW,UK-GB,2022-08-01 19:00,2022-08-01 20:00
2022-08-01 19:00:00+00:00,FR,-2060.0,MW,UK-GB,2022-08-01 19:00,2022-08-01 20:00
2022-08-01 19:00:00+00:00,IE,504.0,MW,UK-GB,2022-08-01 19:00,2022-08-01 20:00
2022-08-01 19:00:00+00:00,NL,104.0,MW,UK-GB,2022-08-01 19:00,2022-08-01 20:00
2022-08-01 19:00:00+00:00,NO,-632.0,MW,UK-GB,2022-08-01 19:00,2022-08-01 20:00
2022-08-01 19:00:00+00:00,UK-NIR,208.0,MW,UK-GB,2022-08-01 19:00,2022-08-01 20:00
2022-08-01 19:30:00+00:00,BE,-788.0,MW,UK-GB,2022-08-01 19:30,2022-08-01 20:30
2022-08-01 19:30:00+00:00,FR,-2058.0,MW,UK-GB,2022-08-01 19:30,2022-08-01 20:30
2022-08-01 19:30:00+00:00,IE,504.0,MW,UK-GB,2022-08-01 19:30,2022-08-01 20:30
2022-08-01 19:30:00+00:00,NL,-308.0,MW,UK-GB,2022-08-01 19:30,2022-08-01 20:30
2022-08-01 19:30:00+00:00,NO,-1042.0,MW,UK-GB,2022-08-01 19:30,2022-08-01 20:30
2022-08-01 19:30:00+00:00,UK-NIR,208.0,MW,UK-GB,2022-08-01 19:30,2022-08-01 20:30
2022-08-01 20:00:00+00:00,BE,-790.0,MW,UK-GB,2022-08-01 20:00,2022-08-01 21:00
2022-08-01 20:00:00+00:00,FR,-2058.0,MW,UK-GB,2022-08-01 20:00,2022-08-01 21:00
2022-08-01 20:00:00+00:00,IE,504.0,MW,UK-GB,2022-08-01 20:00,2022-08-01 21:00
2022-08-01 20:00:00+00:00,NL,-330.0,MW,UK-GB,2022-08-01 20:00,2022-08-01 21:00
2022-08-01 20:00:00+00:00,NO,-1092.0,MW,UK-GB,2022-08-01 20:00,2022-08-01 21:00
2022-08-01 20:00:00+00:00,UK-NIR,208.0,MW,UK-GB,2022-08-01 20:00,2022-08-01 21:00
2022-08-01 20:30:00+00:00,BE,-712.0,MW,UK-GB,2022-08-01 20:30,2022-08-01 21:30
2022-08-01 20:30:00+00:00,FR,-2058.0,MW,UK-GB,2022-08-01 20:30,2022-08-01 21:30
2022-08-01 20:30:00+00:00,IE,504.0,MW,UK-GB,2022-08-01 20:30,2022-08-01 21:30
2022-08-01 20:30:00+00:00,NL,-710.0,MW,UK-GB,2022-08-01 20:30,2022-08-01 21:30
2022-08-01 20:30:00+00:00,NO,-1224.0,MW,UK-GB,2022-08-01 20:30,2022-08-01 21:30
2022-08-01 20:30:00+00:00,UK-NIR,208.0,MW,UK-GB,2022-08-01 20:30,2022-08-01 21:30
2022-08-01 21:00:00+00:00,BE,-712.0,MW,UK-GB,2022-08-01 21:00,2022-08-01 22:00
2022-08-01 21:00:00+00:00,FR,-2058.0,MW,UK-GB,2022-08-01 21:00,2022-08-01 22:00
2022-08-01 21:00:00+00:00,IE,498.0,MW,UK-GB,2022-08-01 21:00,2022-08-01 22:00
2022-08-01 21:00:00+00:00,NL,-710.0,MW,UK-GB,2022-08-01 21:00,2022-08-01 22:00
2022-08-01 21:00:00+00:00,NO,-1240.0,MW,UK-GB,2022-08-01 21:00,2022-08-01 22:00
2022-08-01 21:00:00+00:00,UK-NIR,208.0,MW,UK-GB,2022-08-01 21:00,2022-08-01 22:00
2022-08-01 21:30:00+00:00,BE,-1016.0,MW,UK-GB,2022-08-01 21:30,2022-08-01 22:30
2022-08-01 21:30:00+00:00,FR,-2058.0,MW,UK-GB,2022-08-01 21:30,2022-08-01 22:30
2022-08-01 21:30:00+00:00,IE,378.0,MW,UK-GB,2022-08-01 21:30,2022-08-01 22:30
2022-08-01 21:30:00+00:00,NL,-762.0,MW,UK-GB,2022-08-01 21:30,2022-08-01 22:30
2022-08-01 21:30:00+00:00,NO,-1240.0,MW,UK-GB,2022-08-01 21:30,2022-08-01 22:30
2022-08-01 21:30:00+00:00,UK-NIR,208.0,MW,UK-GB,2022-08-01 21:30,2022-08-01 22:30
2022-08-01 22:00:00+00:00,BE,-1018.0,MW,UK-GB,2022-08-01 22:00,2022-08-01 23:00
2022-08-01 22:00:00+00:00,FR,-2058.0,MW,UK-GB,2022-08-01 22:00,2022-08-01 23:00
2022-08-01 22:00:00+00:00,IE,216.0,MW,UK-GB,2022-08-01 22:00,2022-08-01 23:00
2022-08-01 22:00:00+00:00,NL,-764.0,MW,UK-GB,2022-08-01 22:00,2022-08-01 23:00
2022-08-01 22:00:00+00:00,NO,-1226.0,MW,UK-GB,2022-08-01 22:00,2022-08-01 23:00
2022-08-01 22:00:00+00:00,UK-NIR,208.0,MW,UK-GB,2022-08-01 22:00,2022-08-01 23:00
2022-08-01 22:30:00+00:00,BE,-816.0,MW,UK-GB,2022-08-01 22:30,2022-08-01 23:30
2022-08-01 22:30:00+00:00,FR,-2060.0,MW,UK-GB,2022-08-01 22:30,2022-08-01 23:30
2022-08-01 22:30:00+00:00,IE,210.0,MW,UK-GB,2022-08-01 22:30,2022-08-01 23:30
2022-08-01 22:30:00+00:00,NL,-858.0,MW,UK-GB,2022-08-01 22:30,2022-08-01 23:30
2022-08-01 22:30:00+00:00,NO,-1094.0,MW,UK-GB,2022-08-01 22:30,2022-08-01 23:30
2022-08-01 22:30:00+00:00,UK-NIR,208.0,MW,UK-GB,2022-08-01 22:30,2022-08-01 23:30
2022-08-01 23:00:00+00:00,BE,-816.0,MW,UK-GB,2022-08-01 23:00,2022-08-02 00:00
2022-08-01 23:00:00+00:00,FR,-2060.0,MW,UK-GB,2022-08-01 23:00,2022-08-02 00:00
2022-08-01 23:00:00+00:00,IE,362.0,MW,UK-GB,2022-08-01 23:00,2022-08-02 00:00
2022-08-01 23:00:00+00:00,NL,-864.0,MW,UK-GB,2022-08-01 23:00,2022-08-02 00:00
2022-08-01 23:00:00+00:00,NO,-1080.0,MW,UK-GB,2022-08-01 23:00,2022-08-02 00:00
2022-08-01 23:00:00+00:00,UK-NIR,208.0,MW,UK-GB,2022-08-01 23:00,2022-08-02 00:00
2022-08-01 23:30:00+00:00,BE,-1020.0,MW,UK-GB,2022-08-01 23:30,2022-08-02 00:30
2022-08-01 23:30:00+00:00,FR,-2060.0,MW,UK-GB,2022-08-01 23:30,2022-08-02 00:30
2022-08-01 23:30:00+00:00,IE,466.0,MW,UK-GB,2022-08-01 23:30,2022-08-02 00:30
2022-08-01 23:30:00+00:00,NL,-1014.0,MW,UK-GB,2022-08-01 23:30,2022-08-02 00:30
2022-08-01 23:30:00+00:00,NO,-1080.0,MW,UK-GB,2022-08-01 23:30,2022-08-02 00:30
2022-08-01 23:30:00+00:00,UK-NIR,208.0,MW,UK-GB,2022-08-01 23:30,2022-08-02 00:30
2022-08-02 00:00:00+00:00,BE,-614.0,MW,UK-GB,2022-08-02 00:00,2022-08-02 01:00
2022-08-02 00:00:00+00:00,FR,-1218.0,MW,UK-GB,2022-08-02 00:00,2022-08-02 01:00
2022-08-02 00:00:00+00:00,IE,258.0,MW,UK-GB,2022-08-02 00:00,2022-08-02 01:00
2022-08-02 00:00:00+00:00,NL,-616.0,MW,UK-GB,2022-08-02 00:00,2022-08-02 01:00
2022-08-02 00:00:00+00:00,NO,-216.0,MW,UK-GB,2022-08-02 00:00,2022-08-02 01:00
2022-08-02 00:00:00+00:00,UK-NIR,124.0,MW,UK-GB,2022-08-02 00:00,2022-08-02 01:00
